subject_id,delta_power_abs,delta_fraction,total_abs_power,so_phase,so_phase_nonzero,no_stim_swa_enhancement,no_stim_sdre,no_stim_final_swa,sham_swa_enhancement,sham_sdre,sham_final_swa,fixed_delta_swa_enhancement,fixed_delta_sdre,fixed_delta_final_swa,fixed_delta_ssa_resets_swa_enhancement,fixed_delta_ssa_resets_sdre,fixed_delta_ssa_resets_final_swa,pulsed_fixed_delta_swa_enhancement,pulsed_fixed_delta_sdre,pulsed_fixed_delta_final_swa
CAP_n10,5.304840763223847e-05,0.520506384180798,0.00010191692022323418,1.4058532930454553,True,88.88682347023146,1.046929132775783,7.585645356302979e-05,170.18187883461306,1.9559751099152023,0.00010394509536094509,297.2378051375575,2.5296046618491106,0.00014378165965197855,257.2968511228878,4.270102174942459,0.00019442255175044828,173.21104312900283,3.147362600928563,0.00018196466923172186
CAP_n12,8.093744319945394e-05,0.7400647617466334,0.0001093653520381551,1.460692098239152,True,51.59297621006992,0.994250735454959,8.638663301714591e-05,131.20794318989317,3.8061057233186104,0.00016781939626715195,232.38729290406528,9.603729519374996,0.00024827839956854345,286.05982219497974,12.817080439000765,0.00020435111654863155,322.91385830256024,10.12720431796458,0.0002613246473958291
