{
  "discovery_peak": 13.05,
  "discovery_peak_sdre": 0.0650884883327023,
  "discovery_ci": [
    11.85,
    13.05
  ],
  "validation_peak": 12.75,
  "validation_peak_sdre": 0.08098037938222702,
  "validation_ci": [
    11.7,
    13.5
  ],
  "ci_overlap": true,
  "replicates": true,
  "peak_difference_hz": 0.3000000000000007
}